{
  "utter_iamabot": {
    "precision": 1.0,
    "recall": 1.0,
    "f1-score": 1.0,
    "support": 1
  },
  "greet": {
    "precision": 0.5555555555555556,
    "recall": 1.0,
    "f1-score": 0.7142857142857143,
    "support": 5
  },
  "mood_unhappy": {
    "precision": 0.0,
    "recall": 0.0,
    "f1-score": 0.0,
    "support": 3
  },
  "action_listen": {
    "precision": 0.8421052631578947,
    "recall": 1.0,
    "f1-score": 0.9142857142857143,
    "support": 16
  },
  "utter_cheer_up": {
    "precision": 0.0,
    "recall": 0.0,
    "f1-score": 0.0,
    "support": 3
  },
  "utter_happy": {
    "precision": 0.0,
    "recall": 0.0,
    "f1-score": 0.0,
    "support": 3
  },
  "bot_challenge": {
    "precision": 0.0,
    "recall": 0.0,
    "f1-score": 0.0,
    "support": 1
  },
  "utter_goodbye": {
    "precision": 1.0,
    "recall": 0.5,
    "f1-score": 0.6666666666666666,
    "support": 4
  },
  "goodbye": {
    "precision": 0.0,
    "recall": 0.0,
    "f1-score": 0.0,
    "support": 2
  },
  "deny": {
    "precision": 0.0,
    "recall": 0.0,
    "f1-score": 0.0,
    "support": 2
  },
  "utter_did_that_help": {
    "precision": 0.0,
    "recall": 0.0,
    "f1-score": 0.0,
    "support": 3
  },
  "affirm": {
    "precision": 0.0,
    "recall": 0.0,
    "f1-score": 0.0,
    "support": 1
  },
  "utter_greet": {
    "precision": 0.7142857142857143,
    "recall": 1.0,
    "f1-score": 0.8333333333333333,
    "support": 5
  },
  "mood_great": {
    "precision": 0.0,
    "recall": 0.0,
    "f1-score": 0.0,
    "support": 2
  },
  "micro avg": {
    "precision": 0.725,
    "recall": 0.5686274509803921,
    "f1-score": 0.6373626373626374,
    "support": 51
  },
  "macro avg": {
    "precision": 0.2937104666427975,
    "recall": 0.32142857142857145,
    "f1-score": 0.29489795918367345,
    "support": 51
  },
  "weighted avg": {
    "precision": 0.4867233443084837,
    "recall": 0.5686274509803921,
    "f1-score": 0.5104575163398692,
    "support": 51
  },
  "accuracy": 0.5686274509803921,
  "conversation_accuracy": {
    "accuracy": 0.0,
    "correct": 0,
    "with_warnings": 0,
    "total": 7
  }
}